https://www.catster.com/wp-content/uploads/2018/05/A-gray-cat-crying-looking-upset.jpg,,,,
https://images.mentalfloss.com/sites/default/files/styles/mf_image_16x9/public/549585-istock-909106260.jpg?itok=ds7LqH1N&resize=1100x1100,,,,
https://r.hswstatic.com/w_907/gif/tesla-cat.jpg,,,,
https://www.catster.com/wp-content/uploads/2017/08/A-fluffy-cat-looking-funny-surprised-or-concerned.jpg,,,,
https://cdn-images-1.medium.com/max/1600/1*mONNI1lG9VuiqovpnYqicA.jpeg,,,,
https://cdn.britannica.com/67/197567-131-1645A26E.jpg,,,,
https://o.aolcdn.com/images/dims3/GLOB/legacy_thumbnail/1028x675/format/jpg/quality/85/http%3A%2F%2Fo.aolcdn.com%2Fhss%2Fstorage%2Fmidas%2Fa4b9db4764a8ae2cd84aedf5851564b5%2F0%2Faggressive-kitten-picture-id855025366,,,,
https://d3n8a8pro7vhmx.cloudfront.net/taxpayers/pages/679/attachments/original/1499663166/4-ways-cheer-up-depressed-cat.jpg?1499663166,,,,
https://images.immediate.co.uk/volatile/sites/4/2018/08/iStock_000044061370_Medium-fa5f8aa.jpg?quality=45&crop=5px,17px,929px,400px&resize=960,413
https://pbs.twimg.com/profile_images/378800000532546226/dbe5f0727b69487016ffd67a6689e75a_400x400.jpeg,,,,
http://www.petmd.com/sites/default/files/what-does-it-mean-when-cat-wags-tail.jpg,,,,
https://cdn.cnn.com/cnnnext/dam/assets/150324154010-04-internet-cats-restricted-super-169.jpg,,,,
https://ichef.bbci.co.uk/images/ic/720x405/p0517py6.jpg,,,,
https://static.independent.co.uk/s3fs-public/thumbnails/image/2018/06/25/14/cat-lizard.jpg?w968h681,,,,
http://r.ddmcdn.com/s_f/o_1/cx_462/cy_245/cw_1349/ch_1349/w_720/APL/uploads/2015/06/caturday-shutterstock_149320799.jpg,,,,
https://www.gannett-cdn.com/-mm-/735f994d042682a89f8a4f2fcfd5ea505f3dc1cd/c=0-127-2995-1819/local/-/media/2015/10/31/USATODAY/USATODAY/635818943680464639-103115cute-kitty.jpg?width=3200&height=1680&fit=crop,,,,
https://boygeniusreport.files.wordpress.com/2017/01/cat.jpg?quality=98&strip=all&w=782,,,,
https://www.humanesociety.org/sites/default/files/styles/768x326/public/2018/08/kitten-440379.jpg?h=f6a7b1af&itok=vU0J0uZR,,,,
https://www.thesprucepets.com/thmb/GXdLaAsb73pDJozzGvfL4g0l8is=/450x0/filters:no_upscale():max_bytes(150000):strip_icc()/Cats-cuddling-GettyImages-154502253-5887e0e43df78c2ccdb61dc0.jpg,,,,
https://upload.wikimedia.org/wikipedia/commons/thumb/3/3a/Cat03.jpg/1200px-Cat03.jpg,,,,
https://lookaside.fbsbx.com/lookaside/crawler/media/?media_id=1496110487353938,,,,
https://www.catster.com/wp-content/uploads/2018/07/Savannah-cat-long-body-shot.jpg,,,,
https://www.telegraph.co.uk/content/dam/pets/2017/01/06/1-JS117202740-yana-two-face-cat-news_trans_NvBQzQNjv4BqJNqHJA5DVIMqgv_1zKR2kxRY9bnFVTp4QZlQjJfe6H0.jpg?imwidth=450,,,,
https://www.rd.com/wp-content/uploads/2016/04/01-cat-wants-to-tell-you-laptop.jpg,,,,
https://images.pexels.com/photos/326875/pexels-photo-326875.jpeg?cs=srgb&dl=adorable-animal-blur-326875.jpg&fm=jpg,,,,
https://hips.hearstapps.com/hmg-prod.s3.amazonaws.com/images/cat-quotes-1543599392.jpg,,,,
https://timedotcom.files.wordpress.com/2018/08/new-zealand-cat-ban.jpg,,,,
https://d17fnq9dkz9hgj.cloudfront.net/uploads/2012/11/101438745-cat-conjunctivitis-causes.jpg,,,,
https://thumbs.mic.com/OTg5ZmJiYmM1YyMvaE8xVS0tenRsM2pYYUtQaU5xekZoZEticUtRPS83eDEyNjozNTAweDIzMjkvODAweDQ1MC9maWx0ZXJzOmZvcm1hdChqcGVnKTpxdWFsaXR5KDgwKS9odHRwczovL3MzLmFtYXpvbmF3cy5jb20vcG9saWN5bWljLWltYWdlcy9hMTI1YWUwNDAyMDc2YzZjZmNmOGE5ODczZmVmMzZjMDAzOTAxNWMzZTc4NzBmY2M0N2Q3OGM3YmJkMDVjNmM5LmpwZw.jpg,,,,
https://www.thesprucepets.com/thmb/mZGaYp8UKuh5AiJ3DsBwdBndwR8=/400x300/filters:no_upscale():max_bytes(150000):strip_icc()/39248346_407509273111622_1020326118898532352_n-5b81fda046e0fb0025a99327.jpg,,,,
https://i.ytimg.com/vi/lrvqjdMcjjQ/hqdefault.jpg,,,,
https://static.boredpanda.com/blog/wp-content/uploads/2017/07/funny-tiny-face-cats-photoshop-battle-1-596db6ab86588__605.jpg,,,,
http://positivewomen.co.nz/wp-content/uploads/2018/04/cat.jpg,,,,
https://www.argospetinsurance.co.uk/assets/uploads/2017/10/pexels-photo-416160.jpeg,,,,
https://www.precisionvaccinations.com/sites/default/files/styles/article/public/kittens-555822.jpg,,,,
https://news.nationalgeographic.com/content/dam/news/2018/05/17/you-can-train-your-cat/02-cat-training-NationalGeographic_1484324.ngsversion.1526587209178.adapt.1900.1.jpg,,,,
https://static.independent.co.uk/s3fs-public/thumbnails/image/2013/11/27/10/rexfeatures_3211080a.jpg?w968h681,,,,
https://images-production.freetls.fastly.net/uploads/posts/off_site_promo_image/166842/why-do-cats-meow.jpg?auto=compress&crop=top&fit=crop&q=55&w=1200&h=900,,,,
https://upload.wikimedia.org/wikipedia/commons/6/69/June_odd-eyed-cat_cropped.jpg,,,,
https://media.mnn.com/assets/images/2018/02/AdorableBlackCatLookingAtCameraFromSofa.jpg.653x0_q80_crop-smart.jpg,,,,
https://cdn.thewirecutter.com/wp-content/uploads/2018/07/catadoption-lowres-06052-2x1-1.jpg,,,,
https://d17fnq9dkz9hgj.cloudfront.net/uploads/2013/09/cat-black-superstitious-fcs-cat-myths-162286659.jpg,,,,
https://assets3.thrillist.com/v1/image/2528243/size/tmg-article_tall,jpeg_quality=20.jpg,,,
https://www.perfect-fit.co.uk/media/10938/cat_m3_cat_outside_1.jpg?crop=0,0.343555555555556,0,0&cropmode=percentage&width=1600&height=700&rnd=131527152160000000,
https://vetstreet.brightspotcdn.com/dims4/default/f6e3702/2147483647/thumbnail/180x180/quality/90/?url=https%3A%2F%2Fvetstreet-brightspot.s3.amazonaws.com%2F17%2Fa85b40b3a511e092fe0050568d634f%2Ffile%2Fhub-cats-kitten.jpg,,,,
https://www.gannett-cdn.com/-mm-/421fa88894207f6fd125837bfbea3a215d8338a7/c=972-205-2409-1017/local/-/media/2016/10/18/USATODAY/USATODAY/636124053572235005-101816orange-cat-thinkstock.jpg?width=3200&height=1680&fit=crop,,,,
https://www.thesprucepets.com/thmb/7kVrWdBf13osb9nYJ-4D2yPAwfQ=/425x326/filters:no_upscale():max_bytes(150000):strip_icc()/GettyImages-466792657-59cef0d6c412440010be728c.jpg,,,,
https://www.catster.com/wp-content/uploads/2017/10/A-kitten-meowing-with-his-mouth-open.jpg,,,,
https://sykesvillevetclinic.com/wp-content/uploads/2017/03/cat.jpeg,,,,
https://www.catcafelounge.com/uploads/8/0/8/6/80861148/img-2651-2_4_orig.jpg,,,,
https://animals.wiki/wp-content/uploads/2018/11/152-CATS.jpg,,,,
https://www.petmd.com/sites/default/files/Senior-Cat-Care-2070625.jpg,,,,
https://rmx.news/sites/default/files/Macska.jpg,,,,
https://static.boredpanda.com/blog/wp-content/uploads/2015/11/cat-bee-stings-fb2.jpg,,,,
https://www.scarymommy.com/wp-content/uploads/2018/01/c1.jpg?w=700,,,,
https://static.independent.co.uk/s3fs-public/thumbnails/image/2018/08/30/11/cat-bird.jpg,,,,
http://images.ctfassets.net/e43mbx7oxv8s/dTeQVZbR72uiYkEAYKyUS/bd3825a93aace2c7b368a7a742b1000f/000122_ZV_SCSW_HeroImages_1900x1024_D1.jpg,,,,
https://i.kinja-img.com/gawker-media/image/upload/s--HyTFs_Fe--/c_scale,f_auto,fl_progressive,q_80,w_800/wj5kjpdtzjm4sfdcqnqp.jpg
https://www.goodnet.org/photos/620x0/28588.jpg,,,,
https://amp.businessinsider.com/images/55c906efdd0895b0558b45bc-750-563.jpg,,,,
https://static1.squarespace.com/static/53a096cce4b00d7644776a0b/562b9546e4b016f977a96bd7/562b975fe4b01024eb5d7267/1445697377179/Shake_11_Lil+Bub.jpg?format=1500w,,,,
https://media.wired.com/photos/593288f14cd5ce6f96c0a7b8/16:9/w_2000,c_limit/catinbox_charlie_by-dan_4x3.jpg,,,
https://cdn.shopify.com/s/files/1/0344/6469/products/New-Cute-Pet-Cat-Costume-Cartoon-Funny-Pet-Cat-Clothes-Hot-Puppy-Clothing-Doctor-Uniform-Hat_copy_1024x1024.jpg?v=1536818529,,,,
http://discovermagazine.com/~/media/Images/Issues/2018/May/DSC-TW0518_02.jpg,,,,
https://i2-prod.mirror.co.uk/incoming/article11515078.ece/ALTERNATES/s615/1_plus-sized-cutie.jpg,,,,
https://upload.wikimedia.org/wikipedia/commons/thumb/1/14/Gatto_europeo4.jpg/250px-Gatto_europeo4.jpg,,,,
https://www.usmagazine.com/wp-content/uploads/2018/06/Smoothie-the-Cat-Instagram-zoom.jpg,,,,
https://www.rd.com/wp-content/uploads/2016/04/06-cat-wants-to-tell-you-gift.jpg,,,,
https://www.aspca.org/sites/default/files/cat-care_urine-marking_main-image.jpg,,,,
https://ichef.bbci.co.uk/images/ic/704xn/p05rn7vg.jpg,,,,
https://s-i.huffpost.com/gen/1549129/images/o-KITTYFINGER-facebook.jpg,,,,
https://www.inventorsdigest.com/wp-content/uploads/2018/11/cat-inventions-1028x640.jpg,,,,
https://www.popsci.com/sites/popsci.com/files/styles/1000_1x_/public/import/2014/5827857531_8962f29333_o.jpg?itok=b0be33M8,,,,
http://www.petwebsite.co.uk/media/k2/items/cache/0548677e6432786dd8df61eb3aaec139_L.jpg,,,,
https://cdn.cnn.com/cnnnext/dam/assets/180813120032-adorable-animal-cat-20787cat-stock-photo-super-169.jpg,,,,
https://mymodernmet.com/wp/wp-content/uploads/2018/03/fluffy-black-cat-ink-drawings-kamwei-fong-3.jpg,,,,
https://cmsplatypus.gothamist.com/gothamistgallery/2018/8/3/223ff2f3d_dsc3089-jpg-mobile.jpeg,,,,
http://r.ddmcdn.com/s_f/o_1/cx_77/cy_0/cw_466/ch_466/w_466/APL/uploads/2014/08/apl-poppy-cat-gallery-03-622x466.jpg,,,,
https://cnet4.cbsistatic.com/img/Qqn2oPvTkSKUkTWImHSLYglPYSw=/970x0/2014/01/12/b3815b11-8533-11e3-bc97-14feb5ca9861/cats9.png,,,,
https://static.twentytwowords.com/wp-content/uploads/29-of-the-Truest-Tumblr-Posts-All-About-Cats_Social2-1.jpg,,,,
https://images.mentalfloss.com/sites/default/files/styles/mf_image_16x9/public/87346-istock-933939988.jpg?itok=0h6FJJ6h&resize=1100x1100,,,,
https://peopledotcom.files.wordpress.com/2018/02/two-tone-cat.jpg,,,,
https://www.dw.com/image/42582511_401.jpg,,,,
https://cdn.thewirecutter.com/wp-content/uploads/2018/04/catbeds-2x1-05936.jpg,,,,
http://news.nationalgeographic.com/content/dam/news/photos/000/755/75552.jpg,,,,
https://media.mnn.com/assets/images/2018/04/flicker_cat_high_five.jpg.653x0_q80_crop-smart.jpg,,,,
https://cdn.shopify.com/s/files/1/3004/1474/products/orange-tabby_1800x1800.png?v=1544042837,,,,
https://3.bp.blogspot.com/-GalJhurUym0/WQv3nvWsd3I/AAAAAAAAC00/kR4MCMBE0rgmvCxlfHrPPzFG3NBP37SRQCLcB/s1600/all-about-kittens.jpg,,,,
https://upload.wikimedia.org/wikipedia/commons/thumb/7/75/Cat_eating_a_rabbit.jpeg/220px-Cat_eating_a_rabbit.jpeg,,,,
https://www.sciencemag.org/sites/default/files/styles/inline__450w__no_aspect/public/iStock-518171277_16x9.jpg?itok=fqql1trj,,,,
https://www.thesprucepets.com/thmb/x3BeFhQ9cC282YrHSaf1RoFDbLE=/400x300/CatEarExam182036198-56b8159b3df78c0b1364ef0f.jpg,,,,
https://3c1703fe8d.site.internapcdn.net/newman/csz/news/800/2019/emergingsign.jpg,,,,
https://www.catster.com/wp-content/uploads/2017/11/A-Siamese-cat.jpg,,,,
https://cdn-images-1.medium.com/max/2000/1*roO8Xmcijv1W_jReBczUIQ.jpeg,,,,
https://static1.squarespace.com/static/53a096cce4b00d7644776a0b/562b9546e4b016f977a96bd7/562b975ce4b0ee4981fb9f1f/1445697374422/Shake_6_Katie.jpg?format=1500w,,,,
https://catprotection.org.au/wp-content/uploads/2017/07/Gin-Ginforweb.jpg,,,,
https://img.washingtonpost.com/wp-apps/imrs.php?src=https://img.washingtonpost.com/rf/image_960w/2010-2019/WashingtonPost/2016/11/28/Health-Environment-Science/Images/iStock-487897981.jpg&w=1484,,,,
https://www.popsci.com/sites/popsci.com/files/styles/1000_1x_/public/images/2017/05/cat.jpg?itok=q11bDHSK&fc=50,50,,,
https://cdn.shopify.com/s/files/1/1365/2497/products/tin-foil-hat-for-cats_800x.jpg?v=1522252551,,,,
https://media.wired.com/photos/593288f29be5e55af6c25b5a/16:9/w_2000,c_limit/catinbox_by-ehsan.jpg,,,
https://cdn.shopify.com/s/files/1/1365/2497/products/tin-foil-hat-for-cats_800x.jpg?v=1522252551,,,,
https://www.edmontonhumanesociety.com/wp-content/uploads/2019/03/Elena_115972.jpg,,,,
https://www.sciencemag.org/sites/default/files/styles/inline__450w__no_aspect/public/iStock-518171277_16x9.jpg?itok=fqql1trj,,,,
https://s.hswstatic.com/gif/cats-drink-milk-orig.jpg,,,,
https://www.staradvertiser.com/wp-content/uploads/2018/10/web1_20181028-D8-LIFE-ANIMALS-FEED-FISH-CATS-MCT.jpg,,,,
http://www.cats.org.uk/uploads/branches/219/Thomas%20and%20trudy1.jpg,,,,
https://images.mentalfloss.com/sites/default/files/styles/mf_image_16x9/public/munchkinhed.png?itok=oeH4evcQ&resize=1100x1100,,,,
https://www.argospetinsurance.co.uk/assets/uploads/2017/12/cat-pet-animal-domestic-104827.jpeg,,,,
http://i.ytimg.com/vi/pOmu0LtcI6Y/hqdefault.jpg,,,,
https://www.catbehaviorassociates.com/wp-content/uploads/2018/08/15-boredom-busting-tips-for-your-home-alone-cat.jpg,,,,
https://www.thesprucepets.com/thmb/x3BeFhQ9cC282YrHSaf1RoFDbLE=/400x300/CatEarExam182036198-56b8159b3df78c0b1364ef0f.jpg,,,,
https://static01.nyt.com/images/2018/07/24/well/fat-cat/fat-cat-articleLarge.jpg?quality=75&auto=webp&disable=upscale,,,,
https://2.bp.blogspot.com/-sPinRnWQXT4/WQvEOqJKF6I/AAAAAAAAC0k/yUKfX1By2mwz-P09BJ2CEZD6-XdNkLVCgCLcB/s1600/all-about-cats.jpg,,,,
https://petreleaf.com/wp-content/themes/storefront/assets/img/landings/cats-featured.jpg,,,,
https://www.bluecross.org.uk/sites/default/files/d8/styles/landscape_small/public/assets/images/141754lpr.jpg?itok=bED8-v9x,,,,
https://upload.wikimedia.org/wikipedia/commons/a/ad/Black_bicolore_Maine_Coon_with_Odd_Eyed.jpg,,,,
https://mymodernmet.com/wp/wp-content/uploads/2018/07/needle-felting-cats-wakuneco-thumbnail.jpg,,,,
https://i.pinimg.com/originals/81/6d/a5/816da533638aee63cfbd315ea24cccbd.jpg,,,,
https://ravishly-9ac9.kxcdn.com/cdn/farfuture/edYzCuowlJVcDos1RjXSa8_1o5tGDQBE4ebEFE6R1OE/mtime:1479930604/sites/default/files/maxresdefault_2.jpg,,,,
https://i.guim.co.uk/img/media/e99a9e826aeffec849c36e11947a87090c950641/0_275_4288_2573/master/4288.jpg?width=300&quality=85&auto=format&fit=max&s=b15aa151a1e1cb8a08ee559f3d87e316,,,,
https://img.etimg.com/thumb/msid-65793733,width-300,imgsize-773763,resizemode-4/us-house-passes-resolution-seeking-end-to-slaughter-of-dogs-and-cats.jpg,
https://www.ispca.ie/-/rehoming/Nero_03-02-2018_resized.jpg,,,,
https://media.newyorker.com/photos/5b48dfe812d15d2c9b41dbc7/master/w_727,c_limit/Rudell-RainbowBridge.jpg,,,
https://www.aspca.org/sites/default/files/cat-care_cat-grooming_eye-care_body5-right.jpg,,,,
https://vetstreet.brightspotcdn.com/dims4/default/a1a90c7/2147483647/thumbnail/180x180/quality/90/?url=https%3A%2F%2Fvetstreet-brightspot.s3.amazonaws.com%2F0d%2Ff2e4c0b3a611e092fe0050568d634f%2Ffile%2Fhub-cats-senior.jpg,,,,
https://www.rspcansw.org.au/wp-content/uploads/2017/08/96_a-feature_cat-care_mobile.jpg,,,,
https://hips.hearstapps.com/hmg-prod.s3.amazonaws.com/images/ghk-cat-quotes-charles-dickens-1543597192.png?crop=1xw:1xh,center,top&resize=480:*,,
http://www.cheatsheet.com/wp-content/uploads/2017/06/sulky-cat.jpg,,,,
https://img.purch.com/w/660/aHR0cDovL3d3dy5saXZlc2NpZW5jZS5jb20vaW1hZ2VzL2kvMDAwLzA5My8xMzEvb3JpZ2luYWwvY2F0LWRvZy1zaHV0dGVyc3RvY2suanBn,,,,
https://vmfa.museum/exhibitions/wp-content/uploads/sites/7/2017/01/SteinlinVb-700x450.jpg,,,,
http://static.digg.com/images/d9f9ed5f6cfe475388c34fdfcf80c1e2_d88fa14fcbe5c3c8a3d3523429cf4d9e_1_social_large.jpeg,,,,
https://www.purina.com/sites/g/files/auxxlc196/files/Abyssinian_body_7.jpg,,,,
https://media1.tenor.com/images/f78e68053fcaf23a6ba7fbe6b0b6cff2/tenor.gif?itemid=10614631,,,,
https://img.huffingtonpost.com/asset/5c172138220000e707deb843.jpeg?cache=crj702picf&ops=336_189,quality_75,,,
https://cdn1.medicalnewstoday.com/content/images/articles/321/321282/a-gray-and-white-cat.jpg,,,,
https://ichef.bbci.co.uk/news/660/cpsprodpb/AECE/production/_99805744_gettyimages-625757214.jpg,,,,
https://thenypost.files.wordpress.com/2017/11/cats_and_bunnies.jpg?quality=90&strip=all&w=664&h=441&crop=1,,,,
https://cdn.cliqueinc.com/cache/posts/256509/cutest-cat-breeds-256509-1525454554042-main.700x0c.jpg,,,,
https://cdn.theatlantic.com/assets/media/img/mt/2018/03/AP_325360162607/lead_720_405.jpg?mod=1533691828,,,,
https://g.petango.com/photos/1686/fd68abc8-0421-4523-ac0f-b85a17dd24da.jpg,,,,
https://cdn-images-1.medium.com/max/1600/1*6wMP9_oZ7HEa_Mjau8nBpQ.jpeg,,,,
https://www.litter-robot.com/blog/wp-content/uploads/2018/05/Cat-sniffing-kitten-760x335.jpg,,,,
https://www.catit.com/wp-content/uploads/2018/06/Training-your-cat-1.jpg,,,,
https://www.petmd.com/sites/default/files/choking-heimlich-maneuver-cats.png,,,,
https://www.animalhavenshelter.org/wp-content/uploads/2015/12/cat_adopt_banner-4.png,,,,
https://media.newyorker.com/photos/590971712179605b11ad7a88/master/w_727,c_limit/Jabr-AreCatsDomesticated.jpg,,,
https://a57.foxnews.com/a57.foxnews.com/static.foxnews.com/foxnews.com/content/uploads/2019/03/640/320/1862/1048/Cat-iStock.jpg?ve=1&tl=1?ve=1&tl=1,,,,
https://i.ytimg.com/vi/zGcYabz3hYg/maxresdefault.jpg,,,,
https://www.newshub.co.nz/home/world/2019/02/ai-creates-cats-that-don-t-and-probably-shouldn-t-exist/_jcr_content/par/image.dynimg.1280.q75.jpg/v1550274367767/cat-monsters-nvidia-1120.jpg,,,,
https://www.palmcoastobserver.com/sites/default/files/styles/sliders_and_planned_story_image_870x580/public/188155_standard.png?itok=k5ae8RVp,,,,
https://s.abcnews.com/images/Lifestyle/AL_scared_cat_jt_151225_16x9_1600.jpg,,,,
https://media.boingboing.net/wp-content/uploads/2018/08/MutilatedCats_Reward3.jpg,,,,
https://www.nationalgeographic.com/content/dam/ngdotcom/rights-exempt/cardstacks/General/ngm/LittleCats_9.adapt.536.1.jpg,,,,
https://animalsindistress.uk.com/wp-content/uploads/2018/08/BabyBoy-1-1525803319044.jpg,,,,
https://lookaside.fbsbx.com/lookaside/crawler/media/?media_id=489394671079988,,,,
http://sciencenordic.com/sites/default/files/imagecache/620x/kat_astma_videnskab.jpg,,,,
https://www.newsmax.com/CMSPages/GetFile.aspx?guid=fe8dbce0-6f06-4473-ab8d-029d3e67f06b&SiteName=Newsmax,,,,
https://www.telegraph.co.uk/content/dam/films/2016/07/14/103182366keanucat_trans_NvBQzQNjv4BqCwVRA147ZCyNWgNSpRk1XWk-QYyaO4e-I8v8-xKbjN4.jpg?imwidth=450,,,,
https://news.images.itv.com/image/file/1625314/stream_img.jpg,,,,
https://img.huffingtonpost.com/asset/5bc42bf31f000008032595af.jpeg?cache=qbfpaczbgr&ops=336_189,quality_75,,,
https://www.ikea.com/ms/en_US/media/mipl/1_Secondary_Storage/LURVIG_Cats_mipl_20192.jpg,,,,
https://dscsu8d79j5ty.cloudfront.net/sites/default/files/animal_images/00P0X00001Y9vekUAB.jpeg,,,,
https://d17fnq9dkz9hgj.cloudfront.net/uploads/2012/11/152964589-welcome-home-new-cat-632x475.jpg,,,,
https://www.sciencealert.com/images/2018-08/processed/andrew-umansky-714774-unsplash_1_1024.jpg,,,,
https://static1.squarespace.com/static/53adb125e4b094aac18a8ee7/t/5b8ee8a7575d1f5df42a02d0/1536092505155/F1SavannahCat-7.jpg,,,,
https://www.buildabear.com/dw/image/v2/BBNG_PRD/on/demandware.static/-/Sites-buildabear-master/default/dw5ad35e99/25776x.jpg?sw=600&sh=600&sm=fit,,,,
https://amp.thisisinsider.com/images/5bbb7e5901145563143a5933-750-563.jpg,,,,
https://catscornervet.com/wp-content/uploads/2016/04/kitty-1.png,,,,
https://hips.hearstapps.com/hmg-prod.s3.amazonaws.com/images/cats-best-pets-16-1529003034.jpg,,,,
https://s.yimg.com/ny/api/res/1.2/5DElAHDcugk9ORi7eP3HXw--~A/YXBwaWQ9aGlnaGxhbmRlcjtzbT0xO3c9ODAw/http://media.zenfs.com/en/homerun/feed_manager_auto_publish_494/673b6157da9b18352e1d0645e7ec3812,,,,
https://halopets.com/sites/default/files/2017-07/hp_caticon_adult-cat_adobe_67822268_crop.jpg,,,,
https://dogshome.com/wp-content/uploads/animalimages//1052279/d3f8ba07d2c74d169f66dfe695e10131-1551238809-1551238814_srch.jpg,,,,
https://www.thesprucepets.com/thmb/LjHVqNPui1nTsZDbOt6Hnm9OqR0=/425x250/filters:no_upscale():max_bytes(150000):strip_icc()/little-cat-sleeping-1015004766-5c4c1d6746e0fb00014a2b36.jpg,,,,
http://fixnation.org/wordpress/wp-content/uploads/2014/03/cats-kittens_00379052.jpg,,,,
https://s.abcnews.com/images/Lifestyle/cats-dogs4-gty-mem-171130_16x9_992.jpg,,,,
https://video-images.vice.com/articles/595685d034e12e5fe33a43cb/lede/1499084094496-Stocksy_txpb648edba2sY100_Small_1107618.jpeg?crop=1xw:0.8418036332179931xh,center,center&resize=1200:*,,
https://mymodernmet.com/wp/wp-content/uploads/2018/04/cats-in-food-11.jpg,,,,
https://www.catster.com/wp-content/uploads/2017/12/A-Cornish-Rex-cat-sucking-on-a-blanket.jpg,,,,
https://www.washingtonpost.com/resizer/0G7c5MdxYF74uth87v5DYIeAGc8=/1484x0/arc-anglerfish-washpost-prod-washpost.s3.amazonaws.com/public/7ETAHTHWWFC4JAM7UKWU2UGCVQ.jpg,,,,
https://static01.nyt.com/images/2018/09/01/science/01TB-CATS/01TB-CATS-facebookJumbo.jpg,,,,
https://images.theconversation.com/files/250713/original/file-20181214-185234-1cl1wxa.jpg?ixlib=rb-1.1.0&q=45&auto=format&w=754&fit=clip,,,,
https://img.purch.com/h/1000/aHR0cDovL3d3dy5saXZlc2NpZW5jZS5jb20vaW1hZ2VzL2kvMDAwLzEwMy83MjAvb3JpZ2luYWwvY2F0cy1idWJvbmljLXBsYWd1ZQ==,,,,
https://www.mercurynews.com/wp-content/uploads/2019/01/SJM-L-CATRENT-0112-8.jpg?w=620,,,,
https://assets.rbl.ms/14418110/980x.jpg,,,,
https://cdn.theatlantic.com/assets/media/img/mt/2017/06/shutterstock_319985324/lead_720_405.jpg?mod=1533691890,,,,
https://upload.wikimedia.org/wikipedia/commons/thumb/d/da/A_completely_deaf%2C_pure_white_blue-eyed_cat.jpg/220px-A_completely_deaf%2C_pure_white_blue-eyed_cat.jpg,,,,
http://cdn0.wideopenpets.com/wp-content/uploads/2018/02/AdobeStock_181671521.jpeg,,,,
https://www.abc.net.au/news/image/8205452-3x2-340x227.jpg,,,,
https://www.petsmartcharities.org/sites/default/files/cat-adoption-lp_hero-min.png,,,,
https://cdn.britannica.com/s:500x350/48/7148-004-6C88ACBC.jpg,,,,
https://www.nobiteisright.ca/static/media/images/nbir/protection-for-cats-bg.png,,,,
https://vignette.wikia.nocookie.net/fallout/images/7/76/PackCat-NukaWorld.png/revision/latest?cb=20161222222933,,,,
https://cdn.kinsights.com/cache/d1/25/d125546e8cde0f257ba089ab08ef8ac1.jpg,,,,
https://ichef.bbci.co.uk/news/624/cpsprodpb/305D/production/_103218321_gettyimages-134815902.jpg,,,,
https://media.npr.org/assets/img/2013/09/05/bradshaw-cat-sense-1_wide-fe703ba6abc49f1c77e60f3c6d0ffb5abfae0685.jpg?s=1400,,,,
https://i.dailymail.co.uk/i/pix/2017/06/19/12/418C97FC00000578-4617240-image-a-13_1497872420287.jpg,,,,
https://33oezn10chdvlfeziep11ae7-wpengine.netdna-ssl.com/wp-content/uploads/2018/03/22344253_920575258107916_4749526572816400384_n-355x211.jpeg,,,,
https://static.scientificamerican.com/sciam/cache/file/FD10A430-0A3F-4372-88FD212357738559_source.jpg?w=590&h=800&D5908FCB-6E00-4864-B4B8C5531AC1D2AC,,,,
https://cdn.newsapi.com.au/image/v1/71b05c4a77af62a2570e002928fcc7cc?width=650,,,,
https://product.cdn.cevaws.com/var/storage/images/_aliases/feliway_homepage_block_sign/feliway-2017/why-feliway/cats-not-eating-5-things-to-do/2025798-30-www-WW/DOES-YOUR-CAT-REDUCED-APPETITE.jpg,,,,
https://vetstreet.brightspotcdn.com/dims4/default/38e16fc/2147483647/thumbnail/320x275/quality/90/?url=https%3A%2F%2Fvetstreet-brightspot.s3.amazonaws.com%2F04%2F09%2F1a9bfeea41e5b32f71c5cebd393d%2Fkitten-playing-with-toy.jpg,,,,
https://photos.wi.gcs.trstatic.net/WBTnOVC7qqta06gXHeKsQ9PtCyzUYOGR9leOMws2rNBRetul2_T_mvSaClIrPMWENzSWZbGfPLoiVR97xxW0H83znSpN5Xq0L3ptaMVQsMsfC6nLZVQTNtXY_hopT18c,,,,
https://wi-images.condecdn.net/image/mPpa1a3DxGR/crop/1620/f/cat1.jpg,,,,
https://si.wsj.net/public/resources/images/BN-PJ637_CATS_8S_20160812153156.jpg,,,,
https://g.petango.com/photos/1686/e3e3c023-5d3b-4925-a36a-7d85e742caf8.jpg,,,,
https://i.ytimg.com/vi/bcENL_Vdoqw/maxresdefault.jpg,,,,
https://www.purina.com/sites/g/files/auxxlc196/files/Burmese_body_6.jpg,,,,
https://s.hdnux.com/photos/77/07/05/16544070/3/920x920.jpg,,,,
https://media.mnn.com/assets/images/2015/07/catbeingpetted.jpg.653x0_q80_crop-smart.jpg,,,,
https://images.glaciermedia.ca/polopoly_fs/1.23610574.1548301610!/fileImage/httpImage/image.jpg_gen/derivatives/landscape_804/new-d1-0124-cats-jpg.jpg,,,,
https://twistedsifter.files.wordpress.com/2014/10/chin-fur-makes-cat-look-surprised-banye-china-5.jpg?w=800&h=533,,,,
https://thumbs-prod.si-cdn.com/svKODpmqTM5Du-_z0y4XNuVoGh8=/800x600/filters:no_upscale()/https://public-media.si-cdn.com/filer/83/66/8366fae5-cdc1-4912-b0b6-e4d6aaa18196/29774899556_f2f3af13b5_h.jpg,,,,
https://thenypost.files.wordpress.com/2018/09/shutterstock_375921865-1.jpg?quality=90&strip=all&w=618&h=410&crop=1,,,,
https://images.ctfassets.net/kvimhx6nhg7h/5WclEHFxUksuS2IwsUECE6/a29fa96920666f9d4eb7c456403e4f9d/Tan-cat-in-a-cone.png,,,,
https://i1.wp.com/www.healthfitnessrevolution.com/wp-content/uploads/2018/04/ThinkstockPhotos-475857006.jpg?fit=678%2C519,,,,
https://indianapublicmedia.org/amomentofscience/files/2009/07/cats-paw.jpg,,,,
http://www.cats.org.uk/uploads/images/featurebox_sidebar_kids/grief-and-loss.jpg,,,,
https://4fi8v2446i0sw2rpq2a3fg51-wpengine.netdna-ssl.com/wp-content/uploads/2016/06/KittenProgression-Darling-week7.jpg,,,,
https://www.star2.com/wp-content/uploads/2018/02/str2_katz1102b_meow_ev_1_LEAD-770x470.jpg,,,,
http://www.blackcatmarketpgh.com/uploads/7/6/2/5/76257517/p77.png,,,,
https://img.webmd.com/dtmcms/live/webmd/consumer_assets/site_images/article_thumbnails/video/wibbitz/wbz-cats-and-excessive-meowing.jpg,,,,
https://www.newshub.co.nz/home/world/2019/02/ai-creates-cats-that-don-t-and-probably-shouldn-t-exist/_jcr_content/par/image_1457734727.dynimg.full.q75.jpg/v1550274478232/NVIDIA-cats-aiweirdness.jpg,,,,
https://www.whiskas.co.uk/assets/img/kit/large/Master_Whiskas_Rules_2017_10_130.jpg,,,,
https://www.ispca.ie/-/rehoming/Faye_18-02-2019_resized.jpg,,,,
https://www.rd.com/wp-content/uploads/2016/04/05-cat-wants-to-tell-you-bathing-myself.jpg,,,,
https://cdn2.theweek.co.uk/sites/theweek/files/2017/11/131117-wd-cats.jpg,,,,
https://images-na.ssl-images-amazon.com/images/I/71ernEje1vL._SX425_.jpg,,,,
http://r.ddmcdn.com/w_830/s_f/o_1/cx_0/cy_66/cw_288/ch_162/APL/uploads/2014/10/cat_5-1.jpg,,,,
http://sciencenordic.com/sites/default/files/imagecache/620x/413474560.jpg,,,,
https://www.telegraph.co.uk/content/dam/news/2018/11/23/TELEMMGLPICT000181714762_trans_NvBQzQNjv4BqpVlberWd9EgFPZtcLiMQfy2dmClwgbjjulYfPTELibA.jpeg?imwidth=450,,,,
https://files.brightside.me/files/news/part_23/234760/preview-6660910-650x341-98-1490864384.jpg,,,,
https://peopledotcom.files.wordpress.com/2018/08/34982856_913748398827212_5249963337373974528_n.jpg?w=1800,,,,
https://localtvwjw.files.wordpress.com/2019/01/50236696_10156856787442410_2765963160576851968_o.jpg?quality=85&strip=all&w=770,,,,
https://www.shelterluv.com/sites/default/files/animal_pics/464/2018/12/22/07/20181222072322.png,,,,
https://www.hilifepet.co.uk/img/headers/cats.jpg,,,,
https://feedbagpetsupply.com/wp-content/uploads/Easter-Kittens-300x300.jpg,,,,
https://images.theconversation.com/files/204986/original/file-20180206-14104-1hyhea9.jpg?ixlib=rb-1.1.0&rect=0%2C1212%2C5550%2C2775&q=45&auto=format&w=1356&h=668&fit=crop,,,,
https://product.cdn.cevaws.com/var/storage/images/_aliases/feliway_homepage_block_sign/feliway-2017/why-feliway/bald-patch-on-cat!-here-is-how-to-help/2020803-7-www-WW/DOES-YOUR-CAT-OVER-GROOM.jpg,,,,
https://cdn.images.express.co.uk/img/dynamic/galleries/x701/177020.jpg,,,,
http://catscradleva.org/wp-content/uploads/2017/07/Maggie6-960x360.jpg,,,,
https://lookaside.fbsbx.com/lookaside/crawler/media/?media_id=279599118819846,,,,
https://actionvolunteersforanimals.com/home/wp-content/uploads/2017/11/cat-1.jpg,,,,
https://upload.wikimedia.org/wikipedia/commons/thumb/3/3b/Singapura_Cats.jpg/1200px-Singapura_Cats.jpg,,,,
https://www.abc.net.au/news/image/6863062-3x2-700x467.jpg,,,,
https://www.catrescuedunedin.org.nz/files/4615/2550/4753/sd_img3.jpg,,,,
https://www.usmagazine.com/wp-content/uploads/2018/01/sterncats6.jpg?w=1200,,,,
https://qph.fs.quoracdn.net/main-qimg-496c5cec3b4437a7404d47aed14b16c2,,,,
https://www.thesprucepets.com/thmb/vpXv0LDPYifbIvrRRApQsBsbOC4=/450x0/filters:no_upscale():max_bytes(150000):strip_icc()/cutest-cats-on-the-internet-4-57eeab3c5f9b586c3549f9c2.jpeg,,,,
https://atlantahumane.org/wp-content/uploads/2012/08/adopt-a-cat-1200x630.png,,,,
https://cdn1-www.cattime.com/assets/uploads/gallery/persian-cats-and-kittens/persian-cats-and-kittens-9.jpg,,,,
https://www.healthypawspetinsurance.com/Images/V3/CatAndKittenInsurance/Cat-kitten-insurance-for-your-cat_CTA_desktop.jpg,,,,
https://www.animalfriends.co.uk/app/uploads/2016/10/27163820/iStock_86086153_MEDIUM1-e1477582806563.jpg,,,,
http://www.radfood.com/site/1934radf/Top_Photo/RadCat-Slide-3.jpg,,,,
https://dingo.care2.com/pictures/causes/3053/3052081.large.jpg,,,,
https://img.webmd.com/dtmcms/live/webmd/consumer_assets/site_images/article_thumbnails/video/wibbitz/wbz-eye-discharge-in-cats.jpg,,,,
https://assets.vg247.com/current//2017/05/jetpack_cat.jpg,,,,
https://dogshome.com/wp-content/uploads/animalimages//1052280/1727b3a449014d9bacf14fa80fd70bd5-1551238888-1551238912_srch.jpg,,,,
https://www.newsobserver.com/latest-news/n2w9w9/picture226010890/alternates/FREE_1140/IMG_3568.jpg,,,,
http://www.abcdcatsvets.org/wp-content/uploads/2015/03/cats-new.jpg,,,,
https://static.weenect.com/images/cats/gallery/11.jpg,,,,
https://files.explore.org/files/Poster_LivecamGroup_Cats_SpcaLA_300x450.jpg,,,,
https://images.immediate.co.uk/volatile/sites/4/2018/07/iStock_86118009_LARGE-85b9f41.jpg?quality=90&resize=620,413,,,
https://www.ikea.com/ms/en_US/media/SEO_images/1_Small_Storage/Pets_Cats_SEO_20192.jpg,,,,
https://cdn.newsapi.com.au/image/v1/30cf93d47a67b639d86a12e391d92898?width=650,,,,
http://news.nationalgeographic.com/content/dam/news/photos/000/866/86636.jpg,,,,
https://www.edmontonhumanesociety.com/wp-content/uploads/2019/03/Scorpio_115234.jpg,,,,
https://localtvktvi.files.wordpress.com/2018/04/cat.jpg?quality=85&strip=all&w=366,,,,
https://www.bluecross.org.uk/sites/default/files/styles/thumbnail_pet/public/pets/227233/362842.jpg?itok=dhbTwVa9,,,,
http://www.ghanareel.com/wp-content/uploads/2018/06/cats.jpg,,,,
https://blogs.nvidia.com/wp-content/uploads/2018/04/cats-dogs-nvresearch1.png,,,,
https://assets.nationbuilder.com/cfhs/pages/429/attachments/original/1494867342/cat-2048416_1920.jpg?1494867342,,,,
https://static1.squarespace.com/static/554e744ce4b026a2b08ca248/5982c9f4893fc0b334104fc1/59eebc65bce1763ba888ce0f/1508918497370/DSC_2492.jpg?format=2500w,,,,
http://img1-azrcdn.newser.com/image/1196500-0-20180830062128.jpeg,,,,
https://www.petmd.com/sites/default/files/CANS-Solar-Dermatitis-in-Cats-283581704.jpg,,,,
https://video-images.vice.com/articles/58477f92b00378023674f838/lede/we-asked-a-cat-expert-whether-your-cat-could-kill-you-if-it-tried-220-1480697543-crop_mobile_400.jpg?crop=1xw:1xh,center,center&resize=1200:*,,
https://www.cheatsheet.com/wp-content/uploads/2019/03/orange-tabby-cat.jpg,,,,
https://www.purina.com.au/cats/-/media/76F2A560656C41BFA32C006F4CEADB6B.ashx,,,,
https://i.kym-cdn.com/entries/icons/original/000/002/232/bullet_cat.jpg,,,,
https://d2pu2bk1b66iw6.cloudfront.net/photos/2015/04/21/6-99693-mean-looking-cat-1429639487.jpg,,,,
http://www.holidogtimes.com/wp-content/uploads/2015/10/cat-claw-cover.png?2e4e73,,,,
https://sadanduseless.b-cdn.net/wp-content/uploads/2017/07/mini1.jpg,,,,
https://cdn.shopify.com/s/files/1/0997/4496/files/Bombay_Kitten_grande.jpg?v=1534272566,,,,
https://i.ytimg.com/vi/InkWIPUFVdM/maxresdefault.jpg,,,,
https://i5.wal.co/dfw/4ff9c6c9-8650/k2-_3a859e74-10e5-4d5f-b9ab-ea0bc291b79b.v1.jpg?odnWidth=912&odnHeight=500&odnBg=ffffff,,,,
https://www.lifewithcats.tv/wp-content/uploads/2011/12/123.jpg,,,,
https://www.pspca.org/sites/default/files/styles/pspca_banner/public/2018-01/38795646774_9d83bbaaab_o_0.jpg?h=2cfee321&itok=_Llsh3dA,,,,
http://www.mypet.com/img/basic-pet-care/how-long-leave-cat-alone-lead.jpg,,,,
https://lh3.googleusercontent.com/aR34MxRBretppyADbJcfqIZp-LraO1ELhk00lTZw0Q7MF1ebUKZeggeQkjBuZCCmYRSYNzr8=w640-h400-e365,,,,
https://www.mercurynews.com/wp-content/uploads/2019/01/SJM-L-CATRENT-0112-1.jpg?w=620,,,,
https://www.newsobserver.com/latest-news/xm78bk/picture209017294/alternates/FREE_1140/29597333_10155404324631186_359612486424514144_n.jpg,,,,
https://www.catwelfare.org/wp-content/uploads/2018/08/moomoo.jpg,,,,
https://www.shelterluv.com/sites/default/files/animal_pics/464/2018/03/30/18/20180330183607.png,,,,
https://i.dailymail.co.uk/i/pix/2017/07/16/09/42623C4B00000578-4700660-image-a-1_1500194523431.jpg,,,,
https://www.snopes.com/tachyon/2019/01/two-cats.jpg?resize=865,452,,,
http://www.blackcatmarketpgh.com/uploads/7/6/2/5/76257517/53423660-2148565861888732-5888161083461468160-o.jpg,,,,
https://www.spca.com//app/uploads/2018/03/frais-procedures-adoption-hero.jpg,,,,
https://cdn2-www.cattime.com/assets/uploads/2011/12/file_2667_siamese-cat-breed.jpg,,,,
https://www.ispca.ie/-/rehoming/Peyton__Rs.jpg,,,,
https://s3.amazonaws.com/s3.kywam.radio.com/styles/nts_image_cover_tall_775x425/s3/dreamstime_s_105398004.jpg?itok=3b-VUWwK&c=fc33c0e5ef5232f426aea1b6292c94a4,,,,
https://upload.wikimedia.org/wikipedia/commons/f/fb/Van_Cat_2_2015.JPG,,,,
https://s7d2.scene7.com/is/image/PetSmart/SV0101_HERO_BKG-AdoptionsV2-20180914?$SV0101$,,,,
https://images.mentalfloss.com/sites/default/files/styles/mf_image_16x9/public/90509-istock-89485687_0.jpg?itok=rXdyrh2C&resize=1100x1100,,,,
https://static1.squarespace.com/static/5a2c764af43b551b489c752d/t/5a7a8ffc53450a72ddb8cf7d/1529599795099/javacats03Feb20180094.jpg,,,,
https://wildcatconservation.org/wp-content/uploads/2013/03/2016-sand-cat-group.jpg,,,,
https://kittenrescue.org/wp-content/uploads/2017/03/KittenRescue_KittenCareHandbook_RaisingOrphanKittens.jpg,,,,
https://img.buzzfeed.com/buzzfeed-static/static/enhanced/terminal05/2012/1/21/21/enhanced-buzz-24308-1327200064-81.jpg?downsize=700:*&output-format=auto&output-quality=auto,,,,
https://static1.squarespace.com/static/57c4aca420099e3efb1bdafd/t/594c7bbff7e0ab535a54145f/1493851615883/adoptable+cats+at+the+dancing+cat+san+jose,,,,
http://www.petwebsite.co.uk/media/k2/items/cache/c1572c59821062c96d0fc33ad32a2983_L.jpg,,,,
https://cdn.shopify.com/s/files/1/1832/0821/files/Two-cats-sqr-1500.jpg?v=1513206632,,,,
https://img-aws.ehowcdn.com/600x600p/photos.demandstudios.com/getty/article/165/76/87490163.jpg,,,,
https://upperhuttvets.co.nz/sites/default/files/styles/large/public/images/article/cats.jpg?itok=IJ5wDDnQ,,,,
http://www.catsbridge.org/wp-content/uploads/2017/10/Home-Page-Image2.jpg,,,,
https://adelaidevet.com.au/sites/default/files/styles/large/public/images/article/senior-short-hair-cat_0.jpg,,,,
https://i.cbc.ca/1.3403508.1452782580!/fileImage/httpImage/image.jpg_gen/derivatives/16x9_780/winter-cat.jpg,,,,
https://cdn.royalcanin-weshare-online.io/aiJu-WYBaxEApS7LoggQ/v1/cat-product-cat-food-4-us-global-color-cat,,,,
https://d17fnq9dkz9hgj.cloudfront.net/uploads/2012/11/153558006-tips-healthy-cat-632x475.jpg,,,,
https://lookaside.fbsbx.com/lookaside/crawler/media/?media_id=1394987587246423,,,,
https://d1wn0q81ehzw6k.cloudfront.net/additional/thul/media/2e8e7e355b6b7d30?w=400&h=400,,,,
https://thewirecutter.com/wp-content/uploads/2018/04/catbeds-lowres-05926.jpg,,,,
https://www.hillspet.co.nz/content/dam/cp-sites/hills/hills-pet/global/articles/cat-care/thumbnails/HP_PCC_md_0130_cat53.jpg,,,,
https://resources.stuff.co.nz/content/dam/images/1/r/9/i/8/9/image.related.StuffLandscapeSixteenByNine.710x400.1r9i4h.png/1534446717717.jpg,,,,
https://images.glaciermedia.ca/polopoly_fs/1.571738.1414577767!/fileImage/httpImage/image.jpg_gen/derivatives/landscape_804/cat-generic.jpg,,,,
https://www.nationalgeographic.com/content/dam/animals/thumbs/rights-exempt/mammals/d/domestic-cat_thumb.jpg,,,,
https://i.chzbgr.com/full/5691909/hF42B9317/,,,,
https://i2-prod.mirror.co.uk/incoming/article11935245.ece/ALTERNATES/s615/SWNS_SELFIE_CATS_011.jpg,,,,
https://static1.squarespace.com/static/5a2c764af43b551b489c752d/5a8bcf428165f58a19f989a6/5a8bcfe971c10b58455cdf1c/1519112199340/javacatscafe18Feb20180118.jpg?format=2500w,,,,
http://www.catbreedslist.com/uploads/allimg/cat-pictures/Norwegian-Forest-Cat-1.jpg,,,,
https://www.solidgoldpet.com/wp-content/uploads/2017/11/download.jpeg,,,,
http://static1.squarespace.com/static/55c945e0e4b04386fb9f8162/t/560eedc5e4b04419a828ce03/1443818953047/cat+on+fence+tipped.jpg?format=1500w,,,,
https://www.petmd.com/sites/default/files/the-cat-which-sleeps-picture-id596060186.jpg,,,,
https://www.catwelfare.org/wp-content/uploads/2019/01/IMG-20190127-WA0003-768x1024.jpg,,,,
https://www.thundershirt.com/media/catalog/product/cache/1/image/500x500/9df78eab33525d08d6e5fb8d27136e95/t/h/thundershirt2.0_cat-collar_2_.jpg,,,,
http://tonsoffacts.com/wp-content/uploads/2017/12/pexels-photo-177809.jpeg,,,,
https://lh3.googleusercontent.com/wBJV5Tk1OUPp7339JMRkS8qS5Wpss7k5l2EmZVrf4iPmPd7Lu93jmXgUMMrOCo_7fdYenJLSEp4=w640-h400-e365,,,,
https://s.yimg.com/ny/api/res/1.2/0qjqfEyDYE6.2Q0YsMtNqQ--~A/YXBwaWQ9aGlnaGxhbmRlcjtzbT0xO3c9MTI4MDtoPTk2MA--/http://media.zenfs.com/en/homerun/feed_manager_auto_publish_494/e6f3c4e5ccc8715a4c7cb0cb8bf0a2c6,,,,
https://www.villakitty.com/img/8.jpg,,,,
https://d3i6fh83elv35t.cloudfront.net/newshour/app/uploads/2017/03/DL405-CatTongues-TabbyLickLabel-1180x664-1024x576.jpg,,,,
https://pet-uploads.adoptapet.com/9/1/5/353038332.jpg,,,,
https://www.rd.com/wp-content/uploads/2016/04/14-cat-wants-to-tell-you-early-riser.jpg,,,,
https://www.abc.net.au/news/image/8633778-3x2-700x467.jpg,,,,
https://www.telegraph.co.uk/content/dam/news/2018/07/24/TELEMMGLPICT000170225264_trans_NvBQzQNjv4BqyuLFFzXshuGqnr8zPdDWXiTUh73-1IAIBaONvUINpkg.jpeg?imwidth=450,,,,
https://pbs.twimg.com/profile_images/602729491916435458/hSu0UjMC_400x400.jpg,,,,
https://www.diamondbackdrugs.com/wp-content/uploads/2017/03/pexels-photo-1.jpg,,,,
https://static.boredpanda.com/blog/wp-content/uploads/2018/06/i-take-photos-of-cats-high-on-catnip-fb20.png,,,,
http://catsatthestudios.com/wp-content/uploads/2014/11/calico.jpg,,,,
http://cdn0.wideopenpets.com/wp-content/uploads/2018/02/AdobeStock_123875020.jpeg,,,,
https://i.pinimg.com/736x/30/af/1d/30af1d1369816f5ef01f948452a0195d--cats-and-dogs-ragdoll-cats-and-kittens.jpg,,,,
https://d2pu2bk1b66iw6.cloudfront.net/photos/2017/09/26/6-177691-twenty20_b7820dc7-14c9-43c1-a542-489f74158d31-1506468001.jpg,,,,
http://www.pawschicago.org/fileadmin/media/images/Foster/fosterbanner2.jpg,,,,
https://www.thesprucepets.com/thmb/2UVOVlq0IA2FDAH7jtEN5aylTxQ=/400x300/453958707-56a111d03df78cafdaa9179d.jpg,,,,
https://www.gannett-cdn.com/-mm-/8b39827cbf8928365c46a42627d5940f18c5e64b/c=152-0-649-373/local/-/media/2018/05/10/USATODAY/usatsports/MotleyFool-TMOT-816b1ceb-0ece06e3.jpg?width=534&height=401&fit=crop,,,,
https://static.twentytwowords.com/wp-content/uploads/29-of-the-Truest-Tumblr-Posts-All-About-Cats.jpg,,,,
https://i2-prod.mirror.co.uk/incoming/article5324900.ece/ALTERNATES/s615b/CHOCOLATE-AND-WHITE-BRITISH-SHORTHAIR-CAT.jpg,,,,
https://www.rspcavic.org/images/Christmas%20tips%20(16).jpg,,,,
https://static1.squarespace.com/static/5626c32be4b09ce751a6a413/t/586aece8c534a5731ded5406/1484939907804/?format=500w,,,,
https://s3.amazonaws.com/jo.www.bucket/neighborhoodcats/nodes/images/1142/default/Module_NC-TNR-Handbook.jpg?1462043931,,,,
https://petcentral.chewy.com/wp-content/uploads/2017/08/cat-vet-vomit-shutterstock_142329496-800x450.jpg,,,,
https://s.hswstatic.com/gif/cats-purr-original.jpg,,,,
http://www.bristol.ac.uk/media-library/sites/vetscience/migrated/images/catstudymonte.jpg,,,,
https://www.sciencemag.org/sites/default/files/styles/article_main_large/public/images/sn-cats_0.jpg?itok=PJgmlpUN,,,,
https://mymodernmet.com/wp/wp-content/uploads/2018/02/amazing-narnia-chimera-cat-thumbnail.jpg,,,,
http://i-love-cats.com/images/2015/04/12/cat-wallpaper-7.jpg,,,,
https://i.dailymail.co.uk/1s/2018/11/29/10/6789380-0-image-a-22_1543488333757.jpg,,,,
https://static.independent.co.uk/s3fs-public/thumbnails/image/2014/11/13/14/Cat.jpg?w968h681,,,,
http://www.tinykittens.com/uploads/cats/sq_md_485-Aura-180702_DSC_6485-4.jpg.jpg,,,,
https://www.orlandocatcafe.com/wp-content/uploads/2018/08/3.jpg,,,,
http://stuffhappens.us/wp-content/uploads/2015/09/1.jpg,,,,
https://cdn.arstechnica.net/wp-content/uploads/2017/06/Fotolia_58941902_Subscription_Monthly_M.jpg,,,,
https://www.aspca.org/sites/default/files/cat-care_cat-nutrition-tips_kitten_body1_right.jpg,,,,
https://www.petinsurance.com/images/VSSimages/consumer/v5/cat-insurance.jpg,,,,
http://g.petango.com/photos/2260/5b12b9a3-88a8-440c-be94-729660eab338.jpg,,,,
https://dogshome.com/wp-content/uploads/animalimages//1052284/ef03f95ab9d84df3926acbf7a963ee97-1551239156-1551239161_srch.jpg,,,,
https://d3i6fh83elv35t.cloudfront.net/static/2018/04/cats-and-dogs_AdobeStock_84016419-1024x681.jpeg,,,,
https://ichef.bbci.co.uk/news/660/cpsprodpb/68C3/production/_93791862_thinkstockphotos-585524268.jpg,,,,
https://pet-uploads.adoptapet.com/5/8/7/352561196.jpg,,,,
http://r.ddmcdn.com/w_630/s_f/o_1/cx_508/cy_0/cw_936/ch_1664/APL/uploads/2014/11/american-shorthair-CatShoot_0106_178-e1503416781754.jpg,,,,
https://i.ytimg.com/vi/WEkSYw3o5is/hqdefault.jpg,,,,
https://media-cdn.tripadvisor.com/media/photo-s/10/7f/5f/7c/donnie-the-boss.jpg,,,,
http://www.allcatshealthcare.com/storage/app/media/bigstock-Ginger-Mixed-Breed-Cat--Mont-9822827.jpg,,,,
https://cf.ltkcdn.net/cats/images/std/203262-675x450-catbiting_adj.jpg,,,,
https://img.webmd.com/dtmcms/live/webmd/consumer_assets/site_images/articles/health_tools/foods_harmful_to_cats_slideshow/jiu_rf_photo_of_cat_looking_up_at_bread_dough.jpg,,,,
https://images.mentalfloss.com/sites/default/files/styles/mf_image_16x9/public/istock_000072600763_small.jpg?itok=LGQn4NSZ&resize=1100x1100,,,,
https://cdn.zmescience.com/wp-content/uploads/2013/10/sand-cat.jpg,,,,
https://i.cbc.ca/1.4230160.1501589565!/fileImage/httpImage/image.jpg_gen/derivatives/16x9_780/cats-rescued.jpg,,,,
https://g.petango.com/photos/1686/3e8d3486-9ac1-4628-a958-d83daf8a3e5e.jpg,,,,
https://www.schertzanimalhospital.com/blog/wp-content/uploads/2018/01/Schertz_iStock-697359446-1024x682.jpg,,,,
https://fortunedotcom.files.wordpress.com/2017/11/gettyimages-166275767.jpg,,,,
https://d17fnq9dkz9hgj.cloudfront.net/uploads/2018/03/Selkirk-Rex_01.jpg,,,,
https://dogsfirst.ie/wp-content/uploads/2016/05/jeff.jpg,,,,
http://www.pethealthnetwork.com/sites/default/files/content/images/age_chart_cats_v3-fb.jpg,,,,
http://home.bt.com/images/how-to-get-rid-of-fleas--from-cats-dogs-and-all-around-the-house-136398427975302601-150601142820.jpg,,,,
https://i.kym-cdn.com/entries/icons/facebook/000/007/263/photo_cat2.jpg,,,,
https://www.myajc.com/rf/image_large/Pub/p8/AJC/2017/05/30/Images/GettyImages-103131850-RrP1uSpXextUiu1XkjmkXgI-680x383%40AJC.com.jpg,,,,
https://files.explore.org/files/Poster_LivecamGroup_CatRescues_300x450.jpg,,,,
https://www.catwelfare.org/wp-content/uploads/2019/01/whitecat3-649x1024.jpg,,,,
https://lanaicatsanctuary.org/wp-content/uploads/2017/08/lanai-cat-sanctuary-head-2.jpg,,,,
https://dta0yqvfnusiq.cloudfront.net/musicforcats/2017/07/Teie-coverKickstarter-596e0f50cecfe.jpg,,,,
https://www.newshub.co.nz/home/world/2019/02/ai-creates-cats-that-don-t-and-probably-shouldn-t-exist/_jcr_content/par/image_1284063783.dynimg.full.q75.jpg/v1550274684181/AIcatsweirdness-NVIDIA-grumpy-full.jpg,,,,
https://arlgp.org/content/uploads/2017/06/sidebar-pic-adopt.jpg,,,,
https://www.communitycatspodcast.com/wp-content/uploads/2014/11/Cat_Content.jpg,,,,
